-- MariaDB dump 10.19  Distrib 10.4.32-MariaDB, for Win64 (AMD64)
--
-- Host: 127.0.0.1    Database: internet_management
-- ------------------------------------------------------
-- Server version	10.4.32-MariaDB

/*!40101 SET @OLD_CHARACTER_SET_CLIENT=@@CHARACTER_SET_CLIENT */;
/*!40101 SET @OLD_CHARACTER_SET_RESULTS=@@CHARACTER_SET_RESULTS */;
/*!40101 SET @OLD_COLLATION_CONNECTION=@@COLLATION_CONNECTION */;
/*!40101 SET NAMES utf8mb4 */;
/*!40103 SET @OLD_TIME_ZONE=@@TIME_ZONE */;
/*!40103 SET TIME_ZONE='+00:00' */;
/*!40014 SET @OLD_UNIQUE_CHECKS=@@UNIQUE_CHECKS, UNIQUE_CHECKS=0 */;
/*!40014 SET @OLD_FOREIGN_KEY_CHECKS=@@FOREIGN_KEY_CHECKS, FOREIGN_KEY_CHECKS=0 */;
/*!40101 SET @OLD_SQL_MODE=@@SQL_MODE, SQL_MODE='NO_AUTO_VALUE_ON_ZERO' */;
/*!40111 SET @OLD_SQL_NOTES=@@SQL_NOTES, SQL_NOTES=0 */;

--
-- Table structure for table `cache`
--

DROP TABLE IF EXISTS `cache`;
/*!40101 SET @saved_cs_client     = @@character_set_client */;
/*!40101 SET character_set_client = utf8 */;
CREATE TABLE `cache` (
  `key` varchar(255) NOT NULL,
  `value` mediumtext NOT NULL,
  `expiration` int(11) NOT NULL,
  PRIMARY KEY (`key`)
) ENGINE=InnoDB DEFAULT CHARSET=utf8mb4 COLLATE=utf8mb4_unicode_ci;
/*!40101 SET character_set_client = @saved_cs_client */;

--
-- Dumping data for table `cache`
--

LOCK TABLES `cache` WRITE;
/*!40000 ALTER TABLE `cache` DISABLE KEYS */;
/*!40000 ALTER TABLE `cache` ENABLE KEYS */;
UNLOCK TABLES;

--
-- Table structure for table `cache_locks`
--

DROP TABLE IF EXISTS `cache_locks`;
/*!40101 SET @saved_cs_client     = @@character_set_client */;
/*!40101 SET character_set_client = utf8 */;
CREATE TABLE `cache_locks` (
  `key` varchar(255) NOT NULL,
  `owner` varchar(255) NOT NULL,
  `expiration` int(11) NOT NULL,
  PRIMARY KEY (`key`)
) ENGINE=InnoDB DEFAULT CHARSET=utf8mb4 COLLATE=utf8mb4_unicode_ci;
/*!40101 SET character_set_client = @saved_cs_client */;

--
-- Dumping data for table `cache_locks`
--

LOCK TABLES `cache_locks` WRITE;
/*!40000 ALTER TABLE `cache_locks` DISABLE KEYS */;
/*!40000 ALTER TABLE `cache_locks` ENABLE KEYS */;
UNLOCK TABLES;

--
-- Table structure for table `companies`
--

DROP TABLE IF EXISTS `companies`;
/*!40101 SET @saved_cs_client     = @@character_set_client */;
/*!40101 SET character_set_client = utf8 */;
CREATE TABLE `companies` (
  `id` bigint(20) unsigned NOT NULL AUTO_INCREMENT,
  `name` varchar(255) NOT NULL,
  `address` varchar(255) DEFAULT NULL,
  `phone` varchar(255) DEFAULT NULL,
  `email` varchar(255) DEFAULT NULL,
  `created_at` timestamp NULL DEFAULT NULL,
  `updated_at` timestamp NULL DEFAULT NULL,
  PRIMARY KEY (`id`)
) ENGINE=InnoDB AUTO_INCREMENT=4 DEFAULT CHARSET=utf8mb4 COLLATE=utf8mb4_unicode_ci;
/*!40101 SET character_set_client = @saved_cs_client */;

--
-- Dumping data for table `companies`
--

LOCK TABLES `companies` WRITE;
/*!40000 ALTER TABLE `companies` DISABLE KEYS */;
INSERT INTO `companies` VALUES (1,'Fiber Fast','Halba akkar','81440013','info@fiberfastlb.net','2024-12-29 07:34:35','2024-12-29 07:34:35'),(3,'WN','tripoli','0000000',NULL,'2024-12-29 07:35:08','2024-12-29 07:35:08');
/*!40000 ALTER TABLE `companies` ENABLE KEYS */;
UNLOCK TABLES;

--
-- Table structure for table `connection_points`
--

DROP TABLE IF EXISTS `connection_points`;
/*!40101 SET @saved_cs_client     = @@character_set_client */;
/*!40101 SET character_set_client = utf8 */;
CREATE TABLE `connection_points` (
  `id` bigint(20) unsigned NOT NULL AUTO_INCREMENT,
  `name` varchar(255) NOT NULL,
  `station` varchar(255) NOT NULL,
  `created_at` timestamp NULL DEFAULT NULL,
  `updated_at` timestamp NULL DEFAULT NULL,
  PRIMARY KEY (`id`)
) ENGINE=InnoDB AUTO_INCREMENT=2 DEFAULT CHARSET=utf8mb4 COLLATE=utf8mb4_unicode_ci;
/*!40101 SET character_set_client = @saved_cs_client */;

--
-- Dumping data for table `connection_points`
--

LOCK TABLES `connection_points` WRITE;
/*!40000 ALTER TABLE `connection_points` DISABLE KEYS */;
INSERT INTO `connection_points` VALUES (1,'Daher-S1','Daher M','2024-12-29 08:53:28','2024-12-29 08:57:58');
/*!40000 ALTER TABLE `connection_points` ENABLE KEYS */;
UNLOCK TABLES;

--
-- Table structure for table `customers`
--

DROP TABLE IF EXISTS `customers`;
/*!40101 SET @saved_cs_client     = @@character_set_client */;
/*!40101 SET character_set_client = utf8 */;
CREATE TABLE `customers` (
  `id` bigint(20) unsigned NOT NULL AUTO_INCREMENT,
  `username` varchar(255) DEFAULT NULL,
  `full_name` varchar(255) NOT NULL,
  `phone` varchar(255) NOT NULL,
  `town` varchar(255) NOT NULL,
  `address` varchar(255) DEFAULT NULL,
  `connection_point_id` bigint(20) unsigned DEFAULT NULL,
  `created_at` timestamp NULL DEFAULT NULL,
  `updated_at` timestamp NULL DEFAULT NULL,
  PRIMARY KEY (`id`)
) ENGINE=InnoDB AUTO_INCREMENT=3 DEFAULT CHARSET=utf8mb4 COLLATE=utf8mb4_unicode_ci;
/*!40101 SET character_set_client = @saved_cs_client */;

--
-- Dumping data for table `customers`
--

LOCK TABLES `customers` WRITE;
/*!40000 ALTER TABLE `customers` DISABLE KEYS */;
INSERT INTO `customers` VALUES (1,'abdullahz','abdullah alzoabi','03134220','Mashha','daher',NULL,'2024-12-28 20:33:16','2024-12-28 20:33:16'),(2,'abdzohbi','عبدالرحمن الزعبي','70264025','مشحا','الضهر',NULL,'2024-12-29 07:25:51','2024-12-29 07:25:51');
/*!40000 ALTER TABLE `customers` ENABLE KEYS */;
UNLOCK TABLES;

--
-- Table structure for table `expenses`
--

DROP TABLE IF EXISTS `expenses`;
/*!40101 SET @saved_cs_client     = @@character_set_client */;
/*!40101 SET character_set_client = utf8 */;
CREATE TABLE `expenses` (
  `id` bigint(20) unsigned NOT NULL AUTO_INCREMENT,
  `type` varchar(255) NOT NULL,
  `description` text DEFAULT NULL,
  `amount` decimal(10,2) NOT NULL,
  `date` date NOT NULL,
  `created_at` timestamp NULL DEFAULT NULL,
  `updated_at` timestamp NULL DEFAULT NULL,
  PRIMARY KEY (`id`)
) ENGINE=InnoDB DEFAULT CHARSET=utf8mb4 COLLATE=utf8mb4_unicode_ci;
/*!40101 SET character_set_client = @saved_cs_client */;

--
-- Dumping data for table `expenses`
--

LOCK TABLES `expenses` WRITE;
/*!40000 ALTER TABLE `expenses` DISABLE KEYS */;
/*!40000 ALTER TABLE `expenses` ENABLE KEYS */;
UNLOCK TABLES;

--
-- Table structure for table `maintenance_logs`
--

DROP TABLE IF EXISTS `maintenance_logs`;
/*!40101 SET @saved_cs_client     = @@character_set_client */;
/*!40101 SET character_set_client = utf8 */;
CREATE TABLE `maintenance_logs` (
  `id` bigint(20) unsigned NOT NULL AUTO_INCREMENT,
  `customer_id` bigint(20) unsigned NOT NULL,
  `maintenance_date` date NOT NULL,
  `notes` text DEFAULT NULL,
  `created_at` timestamp NULL DEFAULT NULL,
  `updated_at` timestamp NULL DEFAULT NULL,
  PRIMARY KEY (`id`),
  KEY `maintenance_logs_customer_id_foreign` (`customer_id`),
  CONSTRAINT `maintenance_logs_customer_id_foreign` FOREIGN KEY (`customer_id`) REFERENCES `customers` (`id`) ON DELETE CASCADE
) ENGINE=InnoDB AUTO_INCREMENT=3 DEFAULT CHARSET=utf8mb4 COLLATE=utf8mb4_unicode_ci;
/*!40101 SET character_set_client = @saved_cs_client */;

--
-- Dumping data for table `maintenance_logs`
--

LOCK TABLES `maintenance_logs` WRITE;
/*!40000 ALTER TABLE `maintenance_logs` DISABLE KEYS */;
INSERT INTO `maintenance_logs` VALUES (1,2,'2024-12-06',NULL,'2024-12-29 09:33:57','2024-12-29 09:43:47'),(2,1,'2024-12-11',NULL,'2024-12-29 09:38:29','2024-12-29 09:38:29');
/*!40000 ALTER TABLE `maintenance_logs` ENABLE KEYS */;
UNLOCK TABLES;

--
-- Table structure for table `migrations`
--

DROP TABLE IF EXISTS `migrations`;
/*!40101 SET @saved_cs_client     = @@character_set_client */;
/*!40101 SET character_set_client = utf8 */;
CREATE TABLE `migrations` (
  `id` int(10) unsigned NOT NULL AUTO_INCREMENT,
  `migration` varchar(255) NOT NULL,
  `batch` int(11) NOT NULL,
  PRIMARY KEY (`id`)
) ENGINE=InnoDB AUTO_INCREMENT=15 DEFAULT CHARSET=utf8mb4 COLLATE=utf8mb4_unicode_ci;
/*!40101 SET character_set_client = @saved_cs_client */;

--
-- Dumping data for table `migrations`
--

LOCK TABLES `migrations` WRITE;
/*!40000 ALTER TABLE `migrations` DISABLE KEYS */;
INSERT INTO `migrations` VALUES (2,'2024_12_25_001455_create_customers_table',1),(3,'2024_12_25_001509_create_subscriptions_table',1),(4,'2024_12_25_001519_create_companies_table',1),(5,'2024_12_25_001529_create_expenses_table',1),(6,'2024_12_25_001544_create_maintenance_logs_table',1),(7,'2024_12_25_001554_create_receipts_table',1),(8,'2024_12_25_013722_update_customers_table',1),(9,'2024_12_25_020156_create_connection_points_table',1),(10,'2024_12_25_021629_add_connection_point_id_to_customers_table',2),(11,'2024_12_25_192548_create_packages_table',2),(12,'2024_12_25_192628_update_subscriptions_table_add_package_id',2),(13,'2024_12_28_222041_create_sessions_table',3),(14,'2024_12_29_115728_create_cache_table',4);
/*!40000 ALTER TABLE `migrations` ENABLE KEYS */;
UNLOCK TABLES;

--
-- Table structure for table `packages`
--

DROP TABLE IF EXISTS `packages`;
/*!40101 SET @saved_cs_client     = @@character_set_client */;
/*!40101 SET character_set_client = utf8 */;
CREATE TABLE `packages` (
  `id` bigint(20) unsigned NOT NULL AUTO_INCREMENT,
  `company_id` bigint(20) unsigned NOT NULL,
  `name` varchar(255) NOT NULL,
  `purchase_price` decimal(10,2) NOT NULL,
  `sale_price` decimal(10,2) NOT NULL,
  `created_at` timestamp NULL DEFAULT NULL,
  `updated_at` timestamp NULL DEFAULT NULL,
  PRIMARY KEY (`id`),
  KEY `packages_company_id_foreign` (`company_id`),
  CONSTRAINT `packages_company_id_foreign` FOREIGN KEY (`company_id`) REFERENCES `companies` (`id`) ON DELETE CASCADE
) ENGINE=InnoDB AUTO_INCREMENT=6 DEFAULT CHARSET=utf8mb4 COLLATE=utf8mb4_unicode_ci;
/*!40101 SET character_set_client = @saved_cs_client */;

--
-- Dumping data for table `packages`
--

LOCK TABLES `packages` WRITE;
/*!40000 ALTER TABLE `packages` DISABLE KEYS */;
INSERT INTO `packages` VALUES (1,1,'Bronze',12.00,20.00,'2024-12-29 07:35:23','2024-12-29 07:35:23'),(2,1,'Silver',15.00,25.00,'2024-12-29 07:35:36','2024-12-29 07:35:36'),(4,3,'WN-1M',12.00,20.00,'2024-12-29 07:36:13','2024-12-29 07:37:16'),(5,3,'WN-2M',16.00,25.00,'2024-12-29 07:36:27','2024-12-29 07:36:27');
/*!40000 ALTER TABLE `packages` ENABLE KEYS */;
UNLOCK TABLES;

--
-- Table structure for table `receipts`
--

DROP TABLE IF EXISTS `receipts`;
/*!40101 SET @saved_cs_client     = @@character_set_client */;
/*!40101 SET character_set_client = utf8 */;
CREATE TABLE `receipts` (
  `id` bigint(20) unsigned NOT NULL AUTO_INCREMENT,
  `customer_id` bigint(20) unsigned NOT NULL,
  `amount` decimal(10,2) NOT NULL,
  `description` text DEFAULT NULL,
  `date` date NOT NULL,
  `created_at` timestamp NULL DEFAULT NULL,
  `updated_at` timestamp NULL DEFAULT NULL,
  PRIMARY KEY (`id`),
  KEY `receipts_customer_id_foreign` (`customer_id`),
  CONSTRAINT `receipts_customer_id_foreign` FOREIGN KEY (`customer_id`) REFERENCES `customers` (`id`) ON DELETE CASCADE
) ENGINE=InnoDB AUTO_INCREMENT=2 DEFAULT CHARSET=utf8mb4 COLLATE=utf8mb4_unicode_ci;
/*!40101 SET character_set_client = @saved_cs_client */;

--
-- Dumping data for table `receipts`
--

LOCK TABLES `receipts` WRITE;
/*!40000 ALTER TABLE `receipts` DISABLE KEYS */;
INSERT INTO `receipts` VALUES (1,2,20.00,'asd','2024-12-29','2024-12-29 10:07:55','2024-12-29 10:07:55');
/*!40000 ALTER TABLE `receipts` ENABLE KEYS */;
UNLOCK TABLES;

--
-- Table structure for table `sessions`
--

DROP TABLE IF EXISTS `sessions`;
/*!40101 SET @saved_cs_client     = @@character_set_client */;
/*!40101 SET character_set_client = utf8 */;
CREATE TABLE `sessions` (
  `id` varchar(255) NOT NULL,
  `user_id` bigint(20) unsigned DEFAULT NULL,
  `ip_address` varchar(45) DEFAULT NULL,
  `user_agent` text DEFAULT NULL,
  `payload` longtext NOT NULL,
  `last_activity` int(11) NOT NULL,
  PRIMARY KEY (`id`),
  KEY `sessions_user_id_index` (`user_id`),
  KEY `sessions_last_activity_index` (`last_activity`)
) ENGINE=InnoDB DEFAULT CHARSET=utf8mb4 COLLATE=utf8mb4_unicode_ci;
/*!40101 SET character_set_client = @saved_cs_client */;

--
-- Dumping data for table `sessions`
--

LOCK TABLES `sessions` WRITE;
/*!40000 ALTER TABLE `sessions` DISABLE KEYS */;
INSERT INTO `sessions` VALUES ('boyFxqryY186L8CIQVmbNnHGdkFvfHOOUTqA48XA',NULL,'127.0.0.1','Mozilla/5.0 (Windows NT 10.0; Win64; x64; rv:133.0) Gecko/20100101 Firefox/133.0','YTozOntzOjY6Il90b2tlbiI7czo0MDoiVjBnc0x1cFBaRmtyY0hLMVBSYm9vdVNYUXlhVlVUS1RFS0RubTNJdSI7czo5OiJfcHJldmlvdXMiO2E6MTp7czozOiJ1cmwiO3M6MzU6Imh0dHA6Ly8xMjcuMC4wLjE6ODAwMC9zdWJzY3JpcHRpb25zIjt9czo2OiJfZmxhc2giO2E6Mjp7czozOiJvbGQiO2E6MDp7fXM6MzoibmV3IjthOjA6e319fQ==',1735492405);
/*!40000 ALTER TABLE `sessions` ENABLE KEYS */;
UNLOCK TABLES;

--
-- Table structure for table `subscriptions`
--

DROP TABLE IF EXISTS `subscriptions`;
/*!40101 SET @saved_cs_client     = @@character_set_client */;
/*!40101 SET character_set_client = utf8 */;
CREATE TABLE `subscriptions` (
  `id` bigint(20) unsigned NOT NULL AUTO_INCREMENT,
  `customer_id` bigint(20) unsigned NOT NULL,
  `package_id` bigint(20) unsigned NOT NULL,
  `package_name` varchar(255) NOT NULL,
  `price` decimal(10,2) NOT NULL,
  `start_date` date NOT NULL,
  `end_date` date NOT NULL,
  `created_at` timestamp NULL DEFAULT NULL,
  `updated_at` timestamp NULL DEFAULT NULL,
  PRIMARY KEY (`id`),
  KEY `subscriptions_customer_id_foreign` (`customer_id`),
  KEY `subscriptions_package_id_foreign` (`package_id`),
  CONSTRAINT `subscriptions_customer_id_foreign` FOREIGN KEY (`customer_id`) REFERENCES `customers` (`id`) ON DELETE CASCADE,
  CONSTRAINT `subscriptions_package_id_foreign` FOREIGN KEY (`package_id`) REFERENCES `packages` (`id`) ON DELETE CASCADE
) ENGINE=InnoDB AUTO_INCREMENT=4 DEFAULT CHARSET=utf8mb4 COLLATE=utf8mb4_unicode_ci;
/*!40101 SET character_set_client = @saved_cs_client */;

--
-- Dumping data for table `subscriptions`
--

LOCK TABLES `subscriptions` WRITE;
/*!40000 ALTER TABLE `subscriptions` DISABLE KEYS */;
INSERT INTO `subscriptions` VALUES (2,1,1,'Bronze',20.00,'2024-12-29','2025-01-29','2024-12-29 15:11:12','2024-12-29 15:11:12'),(3,2,2,'Silver',25.00,'2024-12-29','2025-01-29','2024-12-29 15:13:09','2024-12-29 15:13:09');
/*!40000 ALTER TABLE `subscriptions` ENABLE KEYS */;
UNLOCK TABLES;
/*!40103 SET TIME_ZONE=@OLD_TIME_ZONE */;

/*!40101 SET SQL_MODE=@OLD_SQL_MODE */;
/*!40014 SET FOREIGN_KEY_CHECKS=@OLD_FOREIGN_KEY_CHECKS */;
/*!40014 SET UNIQUE_CHECKS=@OLD_UNIQUE_CHECKS */;
/*!40101 SET CHARACTER_SET_CLIENT=@OLD_CHARACTER_SET_CLIENT */;
/*!40101 SET CHARACTER_SET_RESULTS=@OLD_CHARACTER_SET_RESULTS */;
/*!40101 SET COLLATION_CONNECTION=@OLD_COLLATION_CONNECTION */;
/*!40111 SET SQL_NOTES=@OLD_SQL_NOTES */;

-- Dump completed on 2024-12-29 19:13:50
